|||adv|antrax||||bumagi||devices||||distrib|doc|finance||||||||||||||||||||kadry|||||prj|soft|works|shares|1C|support|oper|sales|tender|equip|planerki| 
|||||Офис|Оборудование|Документы||Исходящие||Производство|Разработка|Техподдержка||||Услуги|Закупки|||||Продажи|||||Работы|||||Договоры|Сметы|Торги||Отдел Контрактный|Отдел Производственный|Отдел разработки РЭА и ПО|Отдел маркетинга||||||||||||
|||||||||||||||||||Поставщики|КП|Счета|Договоры||Заказчики|КП|Счета|Договоры||КП|Счета|Договоры|Сметы||||||||||||||||||||
||||||||||||||||||||||||||||||||||||||||||||||||||||
||||||||||||||||||||||||||||||||||||||||||||||||||||
||||||||||||||||||||||||||||||||||||||||||||||||||||
|alexandr-bor|к|rw|r|r|r|rw|r|rw|r|r|r|r||rw|rw|rw|rw|rw|rw|rw|rw|rw|rw|rw|rw|rw|rw|rw|rw|rw|rw|rw|rw|rw||rw|rw|rw|rw||rw|rw|||rw|rw|rw|rw|rw||
|alexey-bar|п|rw|||||||rw|rw|rw|rw||rw|||||||||||||||||||||||rw||||rw|wr||rw|rw|rw|rw|rw|rw||
|alexey-kor|п|r|||||||rw|rw|rw|rw||rw|||||||||||||||||||||||||||rw|rw|||rw|rw|rw|rw|rw||
|alexey-mal|р|rw|rw|rw|rw|rw|rw|rw|rw|rw|rw|rw||rw|||||||||||||||||||||||||||rw|rw||rw|rw|rw|rw|rw|rw||
|anatoliy-mukha|р||||||||||||||||||||||||||||||||||||||||||||rw|rw|rw|rw|rw||
|andrey-kart|р|rw|||||||rw|rw|rw|rw||rw|||||||||||||||||||||||||||rw|rw|||rw|rw|rw|rw|rw||
|andrey-kuch||rw|rw|rw|rw|rw|rw|rw|rw|rw|rw|rw||rw|rw|rw|rw|rw|rw|rw|rw|rw|rw|rw|rw|rw|rw|rw|rw|rw|rw|rw|rw|rw|rw|rw|rw|rw|rw|rw|rw|rw||rw|rw|rw|rw|rw|rw|rw|
|andrey-ruk|р||||||||rw|rw|rw|rw||rw|||||||||||||||||||||||||||rw|r|||rw|rw|rw|rw|rw||
|anna-kart|р||||||||rw|rw|rw|rw|||||||||||||||||||||||||||||rw||||rw|rw|rw|rw|rw||
|anna-sh||rw|rw|rw|rw|rw|rw|rw|r|r|r|r||r|rw|rw|rw|rw|rw|rw|rw|rw|rw|rw|rw|rw|rw|rw|rw|rw|rw|rw|rw|rw|rw|rw|rw|rw|rw|rw|r|r||rw|rw|rw|rw|rw|rw|rw|
|anna-zin|р||||||||rw|rw|rw|rw|||||||||||||||||||||||||||||r||||rw|rw|rw|rw|rw||
|ekater-kart|м|rw|||||rw|rw||||rw||||||||||||||||||||||||||||||rw|||rw|rw|rw|rw|rw||
|ekater-kog|м||rw|rw|rw|rw|rw|rw|rw|rw|rw|rw||r||rw|rw|rw|rw|rw|rw|rw|rw|rw|rw|rw||||||||||||||||||rw|rw|rw|rw|rw|rw||
|ekater-zah|р||||||||rw|rw|rw|rw||r|||||||||||||||||||||||||||r||||rw|rw|rw|rw|rw||
|elena-kondr||rw|rw|rw|rw|rw|rw|rw|rw|rw|rw|rw||rw|rw|rw|rw|rw|rw|rw|rw|rw|rw|rw|rw|rw|rw|rw|rw|rw|rw|rw|rw|rw|rw|rw|rw|rw|rw|rw|rw|rw||rw|rw|rw|rw|rw|rw||
|gleb-gri|мк|rw||||rw|r|r||||r||r||||||||rw|rw|rw|rw|rw|rw|rw|rw|rw|rw|rw|rw|rw|||||||r|r||rw|rw|rw|rw|rw|rw||
|irina-del|р||||||||||||||||||||||||||||||||||||||||||||rw|rw|rw|rw|rw||
|ksen-ruk|р|rw|rw|rw|rw|rw|rw|rw|rw|rw|rw|rw||rw|rw|rw|rw|rw|rw|rw|rw|rw|rw|rw|rw|rw|rw|rw|rw|rw|rw|rw|rw|rw|rw|rw|rw|rw|rw|rw|rw|rw|||rw|rw|rw|rw|rw||
|max-kl|р|rw|||||r|r|rw|rw|rw|rw||rw||||||||||||||||||||||||rw|||rw|rw||rw|rw|rw|rw|rw|rw||
|nik-mart|к|||||||||||r||rw|||||||||||||||||||||||||||r|rw|||rw|rw|rw|rw|rw||
|petr-zin|р||||||||rw|rw|rw|rw||rw|||||||||||||||||||||||||||rw||||rw|rw|rw|rw|rw||
|sergey-gir|к|||||||||||r||rw||||||||||||||||||||||||||||rw|||rw|rw|rw|rw|rw||
|sveta-yasch|м||||||rw|rw||rw||r||r||rw|rw|rw|rw|rw|rw||rw|||||||||||||||||||||rw|rw|rw|rw|rw|rw||
|tanya-mal|м|rw|rw|rw|rw|rw|rw|rw|rw|rw|rw|rw||rw||rw|rw|rw|rw|rw|rw|rw|rw|rw|rw|rw||||||||rw|rw|rw|rw|rw|rw||r|r||rw|rw|rw|rw|rw|rw||
|vika-shem|к|r||||||||||rw||rw|||||||||||||||||||||||||||r|rw|||rw|rw|rw|rw|rw||
|vik-blag|м|rw|||||rw|rw|rw|rw|rw|rw||rw||rw|rw|rw|rw|rw|rw|rw|rw|rw|rw|rw|||||||||||||||||||rw|rw|rw|rw|rw||
|vilena-arx|к|||||||||||||r|||||||||||||rw|rw|rw|rw|rw|||||||||rw|||||rw|rw|rw|rw|rw||
|vladimir-sit|п|||||||||r||r||r||rw|rw|rw|rw|rw|rw|||||||||||||||||||||||rw|rw|rw|rw|rw|rw||
|alexey-kru||||||||||||||||||||||||||||||||||||||||||||rw|rw|rw|rw|rw|rw||
|otd-telemeh|||||||||||||||||||||||||||||||||||||||||||||||||||
|oksana-chich||rw|||||||||||||||||||||||||||||||||||||||||||||||||
|otd-devel|||||||||||||||||||||||||||||||||||||||||||||||||||
|otd-product|||||||||||||||||||||||||||||||||||||||||||||||||||
